City_ID,City,Country,Date,Lat,Lng,Max Temp,Humidity,Cloudiness,Wind Speed
0,Ugoofaaru,MV,2020-06-17 03:25:03,5.67,73.0,84.47,77,54,19.13
1,Ahipara,NZ,2020-06-17 03:21:50,-35.17,173.17,62.11,73,100,9.33
2,Picton,AU,2020-06-17 03:25:04,-34.18,150.6,60.01,77,38,4.0
3,Ushuaia,AR,2020-06-17 03:25:04,-54.8,-68.3,39.2,80,90,20.8
4,Pevek,RU,2020-06-17 03:21:25,69.7,170.31,47.07,63,86,5.55
5,Chipiona,ES,2020-06-17 03:25:04,36.74,-6.44,66.2,82,52,9.17
6,Walvis Bay,NA,2020-06-17 03:25:05,-22.96,14.51,73.4,13,0,21.92
7,Nogliki,RU,2020-06-17 03:25:05,51.83,143.17,46.11,85,93,9.91
8,Yar-Sale,RU,2020-06-17 03:25:05,66.83,70.83,44.15,57,17,15.68
9,Saint-Augustin,CA,2020-06-17 03:25:05,51.23,-58.65,55.9,67,100,7.58
10,Yellowknife,CA,2020-06-17 03:24:52,62.46,-114.35,60.8,38,20,14.99
11,Puerto Ayora,EC,2020-06-17 03:24:21,-0.74,-90.35,72.0,88,83,7.76
12,Port Elizabeth,ZA,2020-06-17 03:21:07,-33.92,25.57,51.8,87,0,5.61
13,Lucapa,AO,2020-06-17 03:25:06,-8.42,20.74,56.53,55,0,4.27
14,Williams Lake,CA,2020-06-17 03:25:06,52.14,-122.14,60.8,44,75,3.36
15,Kapaa,US,2020-06-17 03:24:17,22.08,-159.32,82.4,65,20,16.11
16,Yerbogachen,RU,2020-06-17 03:25:07,61.28,108.01,62.47,51,7,5.35
17,Barrow,US,2020-06-17 03:25:02,71.29,-156.79,39.2,80,40,16.11
18,Tecoanapa,MX,2020-06-17 03:25:07,16.52,-98.75,82.54,76,42,2.8
19,Port Shepstone,ZA,2020-06-17 03:25:07,-30.74,30.45,58.15,75,65,7.65
20,Ixtapa,MX,2020-06-17 03:21:50,20.7,-105.2,81.0,74,40,5.82
21,Mukhen,RU,2020-06-17 03:25:08,48.1,136.1,60.35,73,97,6.35
22,Eirunepe,BR,2020-06-17 03:25:08,-6.66,-69.87,72.81,83,49,1.68
23,Jamestown,US,2020-06-17 03:22:43,42.1,-79.24,62.6,59,1,6.93
24,Torbay,CA,2020-06-17 03:25:08,47.67,-52.73,57.2,54,90,18.34
25,Rikitea,PF,2020-06-17 03:24:29,-23.12,-134.97,75.27,79,0,16.62
26,Qaanaaq,GL,2020-06-17 03:25:09,77.48,-69.36,35.11,80,0,2.19
27,Avera,US,2020-06-17 03:25:09,33.19,-82.53,62.6,100,90,6.93
28,Aksu,CN,2020-06-17 03:25:09,41.12,80.26,78.78,28,0,2.35
29,Estremoz,PT,2020-06-17 03:25:09,38.84,-7.59,57.99,76,0,9.17
30,New Norfolk,AU,2020-06-17 03:25:09,-42.78,147.06,52.0,77,42,1.99
31,Bredasdorp,ZA,2020-06-17 03:25:10,-34.53,20.04,41.0,93,0,3.96
32,Muros,ES,2020-06-17 03:25:10,42.78,-9.06,54.0,92,88,2.91
33,Mataura,NZ,2020-06-17 03:25:10,-46.19,168.86,43.56,94,100,2.75
34,Ust-Ishim,RU,2020-06-17 03:25:10,57.69,71.17,67.57,63,4,7.14
35,Airai,TL,2020-06-17 03:22:32,-8.93,125.41,70.0,71,8,6.98
36,Coahuayana,MX,2020-06-17 03:25:11,18.73,-103.68,77.0,69,75,9.17
37,Albany,US,2020-06-17 03:25:02,42.6,-73.97,66.99,59,0,2.35
38,Chimbote,PE,2020-06-17 03:20:54,-9.09,-78.58,63.57,85,78,11.79
39,Bawku,GH,2020-06-17 03:25:11,11.06,-0.24,81.61,63,88,12.12
40,Kasama,ZM,2020-06-17 03:25:11,-10.21,31.18,45.45,89,0,3.69
41,Hofn,IS,2020-06-17 03:25:11,64.25,-15.21,48.65,74,0,8.86
42,Rio Grande,BR,2020-06-17 03:25:01,-32.03,-52.1,60.01,95,55,1.99
43,Hobart,AU,2020-06-17 03:21:08,-42.88,147.33,52.0,50,20,10.29
44,Butaritari,KI,2020-06-17 03:25:12,3.07,172.79,83.21,77,51,8.41
45,Chuy,UY,2020-06-17 03:21:16,-33.7,-53.46,61.63,94,88,9.35
46,Sena Madureira,BR,2020-06-17 03:25:12,-9.07,-68.66,72.46,79,0,1.45
47,Goma,CD,2020-06-17 03:25:13,-1.68,29.22,60.35,79,66,2.8
48,Katsuura,JP,2020-06-17 03:21:15,35.13,140.3,82.0,61,40,4.7
49,Mareeba,AU,2020-06-17 03:25:13,-17.0,145.43,80.01,77,0,4.0
50,Hambantota,LK,2020-06-17 03:24:32,6.12,81.12,84.2,94,40,14.99
51,Tyubuk,RU,2020-06-17 03:25:13,56.06,60.94,64.8,73,16,12.5
52,Sibiti,CG,2020-06-17 03:25:14,-3.68,13.35,65.08,100,39,1.77
53,Hermanus,ZA,2020-06-17 03:25:14,-34.42,19.23,53.01,80,0,3.0
54,Kushiro,JP,2020-06-17 03:25:14,42.98,144.37,68.0,72,40,8.05
55,Portland,US,2020-06-17 03:25:14,45.52,-122.68,61.0,77,75,6.93
56,Kavieng,PG,2020-06-17 03:25:14,-2.57,150.8,85.66,63,38,6.24
57,Beloha,MG,2020-06-17 03:25:15,-25.17,45.05,62.98,72,69,12.64
58,Mitu,CO,2020-06-17 03:25:15,1.2,-70.17,72.01,96,83,2.15
59,Adrar,MR,2020-06-17 03:25:15,20.5,-10.07,95.61,18,0,19.77
60,Lewiston,US,2020-06-17 03:22:49,44.1,-70.21,55.99,71,1,3.0
61,Gweru,ZW,2020-06-17 03:25:15,-19.45,29.82,46.92,89,87,11.83
62,Cape Town,ZA,2020-06-17 03:23:04,-33.93,18.42,50.0,87,0,3.36
63,Sinnamary,GF,2020-06-17 03:25:16,5.38,-52.95,77.47,87,82,4.63
64,Honiara,SB,2020-06-17 03:25:16,-9.43,159.95,91.4,63,75,13.87
65,Hovd,MN,2020-06-17 03:25:09,48.01,91.64,70.57,32,41,5.28
66,Alyangula,AU,2020-06-17 03:25:17,-13.85,136.42,82.4,61,0,9.17
67,Macklin,CA,2020-06-17 03:25:17,52.33,-109.93,60.49,70,100,8.05
68,Plouzane,FR,2020-06-17 03:25:17,48.38,-4.62,55.4,100,90,3.36
69,Hilo,US,2020-06-17 03:23:58,19.73,-155.09,75.0,88,90,6.93
70,Rorvik,NO,2020-06-17 03:20:19,64.86,11.24,55.83,81,21,10.83
71,Hirara,JP,2020-06-17 03:25:17,24.8,125.28,89.6,70,40,19.46
72,Lashio,MM,2020-06-17 03:25:18,22.93,97.75,73.45,94,100,0.94
73,Nicoya,CR,2020-06-17 03:25:18,10.15,-85.45,77.11,91,100,1.32
74,Mongu,ZM,2020-06-17 03:25:18,-15.25,23.13,53.56,69,0,7.58
75,Panzhihua,CN,2020-06-17 03:25:18,26.59,101.71,86.16,53,53,5.86
76,Misratah,LY,2020-06-17 03:25:19,32.38,15.09,69.62,57,0,9.26
77,Ludwigslust,DE,2020-06-17 03:25:19,53.32,11.5,61.0,89,90,1.92
78,Kruisfontein,ZA,2020-06-17 03:25:11,-34.0,24.73,48.49,90,0,4.23
79,Lebu,CL,2020-06-17 03:25:19,-37.62,-73.65,52.61,93,100,9.78
80,Saskylakh,RU,2020-06-17 03:25:19,71.92,114.08,65.25,35,4,20.78
81,Kiama,AU,2020-06-17 03:25:20,-34.68,150.87,62.01,83,87,15.82
82,Kargat,RU,2020-06-17 03:25:20,55.2,80.28,58.66,70,0,8.99
83,Huarmey,PE,2020-06-17 03:25:20,-10.07,-78.15,62.87,85,47,10.74
84,Makushino,RU,2020-06-17 03:25:20,55.21,67.24,63.45,73,94,7.29
85,Tombouctou,ML,2020-06-17 03:25:20,20.0,-3.0,90.93,11,0,14.32
86,Hithadhoo,MV,2020-06-17 03:24:16,-0.6,73.08,84.43,76,77,11.74
87,Dikson,RU,2020-06-17 03:25:21,73.51,80.55,31.87,94,86,13.24
88,Fairbanks,US,2020-06-17 03:25:14,64.84,-147.72,77.0,31,40,9.17
89,Yulara,AU,2020-06-17 03:25:21,-25.24,130.99,64.4,25,0,18.34
90,Bluff,NZ,2020-06-17 03:24:19,-46.6,168.33,48.61,73,100,13.62
91,Punta Arenas,CL,2020-06-17 03:24:25,-53.15,-70.92,33.8,86,94,11.41
92,Provideniya,RU,2020-06-17 03:22:08,64.38,-173.3,53.6,66,1,8.95
93,Tasiilaq,GL,2020-06-17 03:24:37,65.61,-37.64,39.2,80,100,17.22
94,Soubre,CI,2020-06-17 03:25:22,5.79,-6.61,73.29,97,82,2.98
95,Tuatapere,NZ,2020-06-17 03:25:23,-46.13,167.68,47.48,78,100,5.41
96,Bereda,ES,2020-06-17 03:25:23,43.27,-7.54,54.0,100,98,2.42
97,Auki,SB,2020-06-17 03:25:23,-8.77,160.7,82.87,77,100,2.77
98,Magadan,RU,2020-06-17 03:25:23,59.57,150.8,56.26,64,16,11.45
99,Yerkoy,TR,2020-06-17 03:25:23,39.64,34.47,64.08,61,0,1.97
100,Senneterre,CA,2020-06-17 03:25:24,48.38,-77.23,69.8,43,75,5.82
101,Yumen,CN,2020-06-17 03:25:24,40.28,97.2,82.24,14,0,1.32
102,Norman Wells,CA,2020-06-17 03:25:09,65.28,-126.83,71.6,49,20,23.04
103,Det Udom,TH,2020-06-17 03:25:25,14.91,105.08,78.8,100,90,4.7
104,Mahajanga,MG,2020-06-17 03:25:25,-15.72,46.32,71.6,64,20,6.93
105,Busselton,AU,2020-06-17 03:23:52,-33.65,115.33,62.01,62,81,35.16
106,Cidreira,BR,2020-06-17 03:25:25,-30.18,-50.21,64.0,94,19,16.26
107,Saldanha,ZA,2020-06-17 03:22:09,-33.01,17.94,48.2,76,0,3.36
108,Nago,JP,2020-06-17 03:25:26,26.59,127.98,87.8,79,75,17.22
109,Timmins,CA,2020-06-17 03:21:00,48.47,-81.33,69.8,49,75,5.82
110,Haines Junction,CA,2020-06-17 03:25:26,60.75,-137.51,57.87,49,100,9.01
111,Acarau,BR,2020-06-17 03:25:26,-2.89,-40.12,77.85,83,0,12.73
112,Tuktoyaktuk,CA,2020-06-17 03:21:25,69.45,-133.04,60.8,72,75,6.93
113,Atuona,PF,2020-06-17 03:24:23,-9.8,-139.03,80.28,76,75,18.97
114,Mahibadhoo,MV,2020-06-17 03:25:27,3.78,72.97,84.29,79,39,14.58
115,Souillac,MU,2020-06-17 03:25:27,-20.52,57.52,71.6,78,75,16.11
116,Bundaberg,AU,2020-06-17 03:25:27,-24.85,152.35,78.01,64,90,14.99
117,Kimbe,PG,2020-06-17 03:25:27,-5.55,150.14,85.98,70,11,2.3
118,Hatillo,PR,2020-06-17 03:25:27,18.49,-66.83,79.0,86,42,1.99
119,Shimoda,JP,2020-06-17 03:25:28,34.67,138.95,75.99,64,40,13.87
120,Rock Sound,BS,2020-06-17 03:25:28,24.9,-76.2,80.92,75,98,7.45
121,Diego De Almagro,CL,2020-06-17 03:25:28,-26.37,-70.05,43.54,92,21,1.86
122,Kodiak,US,2020-06-17 03:25:10,57.79,-152.41,51.8,87,90,18.34
123,Ribeira Grande,PT,2020-06-17 03:25:28,38.52,-28.7,64.98,88,68,19.44
124,Olinda,BR,2020-06-17 03:25:29,-8.01,-34.86,77.0,88,75,12.75
125,Kizner,RU,2020-06-17 03:25:29,56.27,51.51,64.89,87,32,7.47
126,Shihezi,CN,2020-06-17 03:25:29,44.3,86.03,88.05,22,99,11.03
127,San Quintin,MX,2020-06-17 03:25:29,30.48,-115.95,63.88,82,8,8.55
128,Omsukchan,RU,2020-06-17 03:25:29,62.53,155.8,64.89,57,100,8.59
129,Necochea,AR,2020-06-17 03:25:29,-38.55,-58.74,57.0,97,100,5.01
130,Isangel,VU,2020-06-17 03:25:30,-19.55,169.27,80.6,74,75,13.87
131,Goderich,CA,2020-06-17 03:25:30,43.75,-81.72,57.99,79,0,5.26
132,Vardo,NO,2020-06-17 03:21:56,70.37,31.11,42.8,70,75,8.05
133,Saint George,US,2020-06-17 03:22:37,37.1,-113.58,90.0,11,1,26.4
134,Monteprandone,IT,2020-06-17 03:25:30,42.92,13.84,62.01,94,37,5.75
135,Warrnambool,AU,2020-06-17 03:23:27,-38.38,142.48,54.0,64,90,4.45
136,Ulladulla,AU,2020-06-17 03:25:31,-35.35,150.47,57.99,71,75,13.87
137,Port Alfred,ZA,2020-06-17 03:25:31,-33.59,26.89,52.0,87,0,1.01
138,Roald,NO,2020-06-17 03:25:31,62.58,6.13,62.01,100,92,6.93
139,Turukhansk,RU,2020-06-17 03:25:31,65.82,87.98,52.18,69,100,6.91
140,Avarua,CK,2020-06-17 03:24:40,-21.21,-159.78,75.2,57,0,4.7
141,Ponta Do Sol,PT,2020-06-17 03:25:32,32.67,-17.1,68.0,94,40,2.24
142,Kaitangata,NZ,2020-06-17 03:25:32,-46.28,169.85,46.0,72,100,8.01
143,Merauke,ID,2020-06-17 03:25:05,-8.47,140.33,80.37,78,98,11.18
144,Chicama,PE,2020-06-17 03:25:33,-7.84,-79.15,64.81,82,33,7.85
145,Tarauaca,BR,2020-06-17 03:25:07,-8.16,-70.77,72.46,82,2,1.39
146,Matagami,CA,2020-06-17 03:25:33,49.75,-77.63,60.8,93,75,6.93
147,Vao,NC,2020-06-17 03:25:33,-22.67,167.48,73.27,80,73,16.17
148,Marau,BR,2020-06-17 03:25:34,-28.45,-52.2,59.74,88,89,6.64
149,Solnechnyy,RU,2020-06-17 03:25:34,50.72,136.63,52.57,67,99,6.04
150,Sioux Lookout,CA,2020-06-17 03:25:34,50.1,-91.92,78.8,54,75,5.82
151,Vanimo,PG,2020-06-17 03:25:34,-2.67,141.3,84.18,75,95,2.68
152,Kahului,US,2020-06-17 03:22:08,20.89,-156.47,82.4,51,40,20.8
153,Narsaq,GL,2020-06-17 03:25:35,60.92,-46.05,39.2,86,56,8.05
154,Chokurdakh,RU,2020-06-17 03:25:35,70.63,147.92,80.17,31,16,12.86
155,Fortuna,US,2020-06-17 03:25:35,40.6,-124.16,59.0,76,1,14.99
156,Marrakesh,MA,2020-06-17 03:25:02,31.63,-8.01,69.8,56,69,4.7
157,North Platte,US,2020-06-17 03:25:36,41.12,-100.77,84.2,35,1,16.11
158,Mar Del Plata,AR,2020-06-17 03:25:36,-38.0,-57.56,59.0,100,90,4.7
159,Polunochnoye,RU,2020-06-17 03:25:36,60.87,60.42,49.24,91,83,10.8
160,College,US,2020-06-17 03:25:16,64.86,-147.8,77.0,38,75,9.17
161,Sitka,US,2020-06-17 03:22:03,57.05,-135.33,51.8,76,90,3.49
162,Arraial Do Cabo,BR,2020-06-17 03:24:48,-22.97,-42.03,70.3,73,33,15.23
163,East London,ZA,2020-06-17 03:21:26,-33.02,27.91,51.8,81,1,6.93
164,Carnarvon,AU,2020-06-17 03:25:37,-24.87,113.63,80.6,47,0,10.29
165,Puerto Cabezas,NI,2020-06-17 03:25:37,14.04,-83.39,78.85,89,100,5.01
166,Crestview,US,2020-06-17 03:22:43,30.76,-86.57,75.99,64,90,3.36
167,Atbasar,KZ,2020-06-17 03:25:38,51.8,68.33,64.96,47,0,9.15
168,Nikolskoye,RU,2020-06-17 03:25:38,59.7,30.79,66.2,82,66,4.47
169,Lavrentiya,RU,2020-06-17 03:25:38,65.58,-171.0,51.51,56,0,3.71
170,Ilulissat,GL,2020-06-17 03:24:22,69.22,-51.1,35.6,80,80,3.36
171,Belyy Yar,RU,2020-06-17 03:25:38,53.6,91.39,64.4,55,23,8.95
172,Castro,BR,2020-06-17 03:24:28,-24.79,-50.01,57.18,97,41,7.96
173,Kununurra,AU,2020-06-17 03:25:39,-15.77,128.73,82.4,25,0,11.41
174,Bestobe,KZ,2020-06-17 03:25:39,52.5,73.1,60.58,63,90,12.17
175,Umm Lajj,SA,2020-06-17 03:25:39,25.02,37.27,79.23,54,0,9.91
176,Doha,QA,2020-06-17 03:23:01,25.29,51.53,98.6,27,82,14.99
177,Palmer,US,2020-06-17 03:22:11,42.16,-72.33,62.6,55,1,3.36
178,Hualmay,PE,2020-06-17 03:25:40,-11.1,-77.61,62.26,85,58,11.52
179,Albury,AU,2020-06-17 03:22:57,-36.08,146.92,57.2,82,90,4.7
180,Orange Cove,US,2020-06-17 03:21:51,36.62,-119.31,78.8,31,0,7.61
181,Georgetown,MY,2020-06-17 03:23:21,5.41,100.34,87.8,74,20,4.7
182,Elverum,NO,2020-06-17 03:21:25,60.88,11.56,57.0,78,89,3.56
183,Cabedelo,BR,2020-06-17 03:25:41,-6.98,-34.83,77.04,83,17,11.61
184,Vaini,TO,2020-06-17 03:24:23,-21.2,-175.2,75.2,69,20,11.41
185,Mujiayingzi,CN,2020-06-17 03:25:41,42.12,118.78,90.72,16,80,7.16
186,La Ronge,CA,2020-06-17 03:25:42,55.1,-105.28,69.8,43,40,6.93
187,Anloga,GH,2020-06-17 03:25:42,5.79,0.9,80.6,88,40,9.17
188,Innisfail,AU,2020-06-17 03:25:28,-17.53,146.03,72.36,89,68,13.13
189,Boende,CD,2020-06-17 03:25:42,-0.22,20.87,70.45,73,73,1.36
190,Makurdi,NG,2020-06-17 03:25:42,7.74,8.51,75.88,94,100,4.16
191,Cabo San Lucas,MX,2020-06-17 03:24:03,22.89,-109.91,91.4,34,20,18.34
192,Kutum,SD,2020-06-17 03:25:43,14.2,24.67,72.79,20,71,5.88
193,Klooga,EE,2020-06-17 03:25:43,59.32,24.21,57.99,87,0,3.89
194,Bambous Virieux,MU,2020-06-17 03:25:25,-20.34,57.76,71.6,78,75,16.11
195,Abu Dhabi,AE,2020-06-17 03:25:43,24.47,54.37,88.0,62,38,4.7
196,Krasnyy Chikoy,RU,2020-06-17 03:25:43,50.36,108.75,65.59,49,57,7.36
197,Morropon,PE,2020-06-17 03:25:44,-5.18,-79.97,69.15,69,16,1.54
198,Shakiso,ET,2020-06-17 03:25:44,5.75,38.92,58.32,91,98,2.73
199,Alice Springs,AU,2020-06-17 03:25:44,-23.7,133.88,62.6,27,0,17.22
200,Estelle,US,2020-06-17 03:21:12,29.85,-90.11,82.0,57,84,7.92
201,Waverly,US,2020-06-17 03:25:44,42.74,-84.62,68.0,64,1,5.77
202,Coquimbo,CL,2020-06-17 03:25:45,-29.95,-71.34,55.4,76,20,3.36
203,Ringkobing,DK,2020-06-17 03:25:45,56.09,8.24,57.0,83,92,3.94
204,Antalaha,MG,2020-06-17 03:25:46,-14.9,50.28,69.3,81,36,12.17
205,Maceio,BR,2020-06-17 03:25:46,-9.67,-35.74,71.6,100,75,1.12
206,Smirnykh,RU,2020-06-17 03:25:46,49.75,142.83,48.94,93,100,0.81
207,Conceicao Da Barra,BR,2020-06-17 03:25:46,-18.59,-39.73,70.84,81,83,10.71
208,Norsup,VU,2020-06-17 03:25:46,-16.07,167.38,82.4,83,90,8.05
209,San Cristobal,VE,2020-06-17 03:24:27,7.77,-72.22,66.87,92,100,3.29
210,Glendive,US,2020-06-17 03:25:47,47.11,-104.71,64.99,55,1,14.99
211,Anda,CN,2020-06-17 03:25:47,46.4,125.32,73.06,52,0,14.2
212,Nanortalik,GL,2020-06-17 03:25:47,60.14,-45.24,37.13,84,34,9.17
213,Port Blair,IN,2020-06-17 03:25:47,11.67,92.75,83.73,78,100,14.0
214,Calamar,CO,2020-06-17 03:25:48,10.25,-74.91,79.14,90,100,4.29
215,Veraval,IN,2020-06-17 03:25:48,20.9,70.37,84.74,78,90,6.04
216,Emerald,AU,2020-06-17 03:25:48,-23.53,148.17,73.4,56,75,17.22
217,Adre,TD,2020-06-17 03:25:48,13.47,22.2,77.27,46,0,7.36
218,Beyneu,KZ,2020-06-17 03:25:48,45.32,55.2,75.56,23,1,1.97
219,Birjand,IR,2020-06-17 03:25:49,32.87,59.22,77.0,13,0,4.7
220,North Myrtle Beach,US,2020-06-17 03:21:05,33.82,-78.68,64.4,93,90,4.7
221,Saint Anthony,US,2020-06-17 03:25:49,45.02,-93.22,81.0,42,1,11.41
222,Coffs Harbour,AU,2020-06-17 03:25:49,-30.3,153.13,68.0,52,0,13.87
223,Asau,RO,2020-06-17 03:25:49,46.43,26.4,57.99,93,99,2.39
224,Nizhniy Chir,RU,2020-06-17 03:25:50,48.36,43.09,67.41,49,0,9.84
225,Bengkulu,ID,2020-06-17 03:25:50,-3.8,102.27,85.42,64,5,1.68
226,Buala,SB,2020-06-17 03:25:50,-8.14,159.59,82.49,77,99,3.58
227,Klaksvik,FO,2020-06-17 03:25:50,62.23,-6.59,48.2,87,100,19.46
228,Mikhaylovka,RU,2020-06-17 03:25:50,50.06,43.24,64.0,57,0,5.99
229,Gat,IL,2020-06-17 03:25:50,31.61,34.76,69.01,74,0,2.66
230,Otradnoye,RU,2020-06-17 03:25:51,59.78,30.82,66.2,82,59,4.47
231,Dingle,PH,2020-06-17 03:25:51,11.0,122.67,89.28,56,100,5.5
232,Breda,IT,2020-06-17 03:25:51,45.72,12.33,64.4,93,100,5.82
233,Petropavlovsk-Kamchatskiy,RU,2020-06-17 03:25:51,53.05,158.65,55.4,66,7,13.42
234,Antofagasta,CL,2020-06-17 03:25:52,-23.65,-70.4,60.8,72,90,3.36
235,Codrington,AU,2020-06-17 03:25:52,-38.27,141.97,54.32,59,84,4.59
236,Victoria,HK,2020-06-17 03:24:15,22.29,114.16,91.0,66,0,11.99
237,Khorixas,NA,2020-06-17 03:21:06,-20.37,14.97,59.49,34,0,13.94
238,Saint-Philippe,RE,2020-06-17 03:22:11,-21.36,55.77,64.4,82,90,8.05
239,Te Anau,NZ,2020-06-17 03:24:59,-45.42,167.72,44.91,84,100,3.96
240,Xam Nua,LA,2020-06-17 03:25:53,20.42,104.04,77.04,73,98,3.51
241,Columbia,US,2020-06-17 03:25:26,34.0,-81.03,62.6,82,90,4.7
242,Leningradskiy,RU,2020-06-17 03:25:13,69.38,178.42,54.27,53,33,10.09
243,Kirakira,SB,2020-06-17 03:24:30,-10.45,161.92,80.92,81,98,6.2
244,Northam,GB,2020-06-17 03:25:54,51.03,-4.22,55.99,98,85,5.01
245,Atar,MR,2020-06-17 03:25:53,20.52,-13.05,94.91,20,33,15.23
246,Sabha,LY,2020-06-17 03:25:54,27.04,14.43,69.87,36,0,11.92
247,Santiago,CL,2020-06-17 03:25:54,-33.46,-70.65,48.2,87,90,6.93
248,Launceston,AU,2020-06-17 03:25:54,-41.45,147.17,51.01,46,0,8.05
249,Makakilo City,US,2020-06-17 03:25:55,21.35,-158.09,84.2,65,90,11.41
250,Pacific Grove,US,2020-06-17 03:21:30,36.62,-121.92,59.0,84,0,7.0
251,Nurota,UZ,2020-06-17 03:25:55,40.56,65.69,75.2,31,12,6.93
252,Ofunato,JP,2020-06-17 03:25:55,39.07,141.72,73.4,53,40,5.82
253,Cherskiy,RU,2020-06-17 03:21:52,68.75,161.3,79.29,24,57,1.07
254,Juneau,US,2020-06-17 03:25:00,58.3,-134.42,53.01,87,90,9.17
255,Mabaruma,GY,2020-06-17 03:25:56,8.2,-59.78,74.77,97,94,1.79
256,Marawi,PH,2020-06-17 03:25:56,8.0,124.29,82.99,79,100,5.99
257,Tornio,FI,2020-06-17 03:25:57,65.85,24.15,51.8,71,0,5.82
258,Upernavik,GL,2020-06-17 03:24:34,72.79,-56.15,31.69,94,63,0.22
259,Fohnsdorf,AT,2020-06-17 03:25:57,47.22,14.68,53.6,93,100,3.36
260,Bethel,US,2020-06-17 03:25:30,41.37,-73.41,60.01,87,1,3.36
261,Alta Floresta,BR,2020-06-17 03:25:57,-9.88,-56.09,71.62,70,36,4.21
262,Dibulla,CO,2020-06-17 03:25:57,11.27,-73.31,80.13,79,41,12.08
263,Hayden,US,2020-06-17 03:25:02,47.77,-116.79,55.99,71,1,5.82
264,Faanui,PF,2020-06-17 03:25:58,-16.48,-151.75,79.05,80,97,3.87
265,Tiksi,RU,2020-06-17 03:25:58,71.69,128.87,52.39,48,100,5.7
266,Thinadhoo,MV,2020-06-17 03:25:58,0.53,72.93,84.65,74,85,9.91
267,Sisimiut,GL,2020-06-17 03:25:59,66.94,-53.67,35.44,86,94,4.41
268,Sao Filipe,CV,2020-06-17 03:22:08,14.9,-24.5,74.97,82,0,8.99
269,Jizan,SA,2020-06-17 03:25:59,17.33,42.67,87.8,84,20,6.93
270,Severo-Kurilsk,RU,2020-06-17 03:24:42,50.68,156.12,44.06,88,100,12.03
271,Russell,US,2020-06-17 03:25:59,32.35,-85.2,66.2,72,1,4.7
272,High Level,CA,2020-06-17 03:26:00,58.52,-117.14,48.2,93,90,6.93
273,Half Moon Bay,US,2020-06-17 03:25:53,37.46,-122.43,63.0,76,1,17.22
274,Vallenar,CL,2020-06-17 03:24:54,-28.57,-70.76,49.73,85,9,4.25
275,Terrace Bay,CA,2020-06-17 03:26:00,48.78,-87.1,50.72,81,73,5.57
276,Hermosillo,MX,2020-06-17 03:26:01,29.07,-110.97,96.8,15,20,6.93
277,Motygino,RU,2020-06-17 03:26:01,58.18,94.76,65.05,43,2,1.12
278,Verkhnevilyuysk,RU,2020-06-17 03:26:01,63.45,120.32,77.22,39,7,4.09
279,Manali,IN,2020-06-17 03:26:01,13.17,80.27,93.2,56,40,13.87
280,Port-Gentil,GA,2020-06-17 03:26:01,-0.72,8.78,74.17,90,100,12.68
281,Stillwater,US,2020-06-17 03:25:12,36.12,-97.06,80.6,61,1,10.29
282,Samborondon,EC,2020-06-17 03:26:02,-1.95,-79.73,80.6,74,20,9.17
283,Faya,SA,2020-06-17 03:21:39,18.39,42.45,66.2,27,0,4.7
284,Mogadishu,SO,2020-06-17 03:21:23,2.04,45.34,76.98,83,57,16.11
285,Baker City,US,2020-06-17 03:26:03,44.77,-117.83,51.8,57,1,14.99
286,Oranjemund,NA,2020-06-17 03:26:03,-28.55,16.43,61.99,28,0,20.51
287,Amga,RU,2020-06-17 03:26:03,60.9,131.96,77.0,31,3,7.4
288,Lompoc,US,2020-06-17 03:25:34,34.64,-120.46,57.2,71,0,13.87
289,Dombarovskiy,RU,2020-06-17 03:26:03,50.76,59.54,68.05,44,85,2.04
290,Inhambane,MZ,2020-06-17 03:25:41,-23.86,35.38,65.08,83,57,6.71
291,Bosaso,SO,2020-06-17 03:26:04,11.28,49.18,89.71,45,100,11.03
292,Luderitz,NA,2020-06-17 03:22:31,-26.65,15.16,73.4,10,0,23.04
293,Erzin,TR,2020-06-17 03:26:04,36.96,36.2,71.01,86,7,0.22
294,Plymouth,US,2020-06-17 03:26:04,41.83,-70.83,60.01,93,1,3.42
295,Camacha,PT,2020-06-17 03:25:43,33.08,-16.33,68.0,94,40,2.24
296,Itarema,BR,2020-06-17 03:26:05,-2.92,-39.92,77.09,84,0,11.74
297,Likasi,CD,2020-06-17 03:26:05,-10.98,26.73,47.5,82,0,4.21
298,Kozan,TR,2020-06-17 03:26:05,37.46,35.82,71.01,100,20,4.7
299,Nabire,ID,2020-06-17 03:23:10,-3.37,135.48,87.12,54,52,3.91
300,Kongolo,CD,2020-06-17 03:26:05,-5.38,27.0,63.73,58,43,3.91
301,Vienne,AT,2020-06-17 03:26:06,48.21,16.37,64.99,77,80,6.93
302,Maple Creek,CA,2020-06-17 03:26:06,49.92,-109.48,52.2,88,100,7.99
303,Bandarbeyla,SO,2020-06-17 03:22:26,9.49,50.81,84.72,53,100,28.9
304,Rocha,UY,2020-06-17 03:22:20,-34.48,-54.33,62.47,94,33,9.86
305,Tilichiki,RU,2020-06-17 03:26:06,60.47,166.1,51.96,65,9,7.7
306,Camabatela,AO,2020-06-17 03:26:07,-8.19,15.38,57.56,44,0,4.27
307,Chippewa Falls,US,2020-06-17 03:23:43,44.94,-91.39,73.4,49,1,6.93
308,Chickasha,US,2020-06-17 03:22:35,35.05,-97.94,82.0,61,1,13.87
309,Laguna,US,2020-06-17 03:21:50,38.42,-121.42,75.99,36,1,12.75
310,Jaque,PA,2020-06-17 03:26:07,7.52,-78.17,77.49,87,100,2.33
311,Puerto Colombia,CO,2020-06-17 03:26:08,10.99,-74.95,82.4,88,40,4.7
312,Celendin,PE,2020-06-17 03:26:08,-6.87,-78.15,51.08,87,10,2.66
313,Honningsvag,NO,2020-06-17 03:26:08,70.98,25.97,42.8,75,75,9.17
314,Takoradi,GH,2020-06-17 03:26:08,4.88,-1.76,77.81,89,93,10.94
315,Prince Rupert,CA,2020-06-17 03:26:09,54.32,-130.32,55.4,66,90,4.54
316,Pangnirtung,CA,2020-06-17 03:26:09,66.15,-65.71,32.65,92,32,1.5
317,Marin,US,2020-06-17 03:26:09,38.07,-122.73,63.0,99,0,1.01
318,Bahia Blanca,AR,2020-06-17 03:26:09,-38.72,-62.27,52.56,66,100,6.22
319,Yerofey Pavlovich,RU,2020-06-17 03:26:09,53.97,121.97,69.66,36,0,8.68
320,Udayagiri,IN,2020-06-17 03:26:09,20.13,84.38,75.96,90,100,3.91
321,Chopovychi,UA,2020-06-17 03:26:10,50.83,28.95,63.82,95,53,9.01
322,Nioro,GM,2020-06-17 03:26:10,13.35,-15.75,81.82,67,47,7.74
323,Swan River,CA,2020-06-17 03:26:10,52.11,-101.27,63.16,89,69,8.43
324,Japura,ID,2020-06-17 03:26:10,-0.32,102.35,86.22,66,43,3.71
325,Sola,VU,2020-06-17 03:26:10,-13.88,167.55,84.2,83,90,14.99
326,Manuk Mangkaw,PH,2020-06-17 03:26:11,4.8,119.85,84.78,69,33,5.66
327,Alamogordo,US,2020-06-17 03:26:11,32.9,-105.96,86.0,24,1,10.29
328,Pryozerne,UA,2020-06-17 03:26:11,45.27,36.33,67.8,82,99,2.68
329,Charters Towers,AU,2020-06-17 03:26:05,-20.1,146.27,75.51,55,46,12.8
330,Srednekolymsk,RU,2020-06-17 03:26:11,67.45,153.68,85.51,22,89,5.86
331,San Jose De Guanipa,VE,2020-06-17 03:26:12,8.89,-64.17,78.85,71,96,8.61
332,Aguie,NE,2020-06-17 03:26:12,13.51,7.78,88.21,50,99,14.65
333,Ancud,CL,2020-06-17 03:21:26,-41.87,-73.82,51.01,100,90,4.7
334,Madang,PG,2020-06-17 03:26:12,-5.22,145.8,75.63,94,100,4.97
335,Talnakh,RU,2020-06-17 03:26:12,69.49,88.4,41.0,60,75,13.42
336,Banda Aceh,ID,2020-06-17 03:25:02,5.56,95.32,85.73,62,98,4.54
337,Jijiga,ET,2020-06-17 03:26:13,9.35,42.8,61.75,83,66,13.56
338,Gemena,CD,2020-06-17 03:26:13,3.25,19.77,69.6,94,100,0.67
339,Liberal,US,2020-06-17 03:26:13,37.04,-100.92,82.4,39,1,19.46
340,San Pedro,PH,2020-06-17 03:26:13,14.35,121.02,93.0,55,40,9.17
341,Tanggu,CN,2020-06-17 03:26:13,39.02,117.65,84.2,30,100,13.42
342,Farafangana,MG,2020-06-17 03:26:14,-22.82,47.83,67.01,83,97,9.37
343,Khatanga,RU,2020-06-17 03:26:14,71.97,102.5,53.28,43,74,8.03
344,Nsanje,MW,2020-06-17 03:26:14,-16.92,35.26,57.07,95,2,2.33
345,Homer,US,2020-06-17 03:26:14,59.64,-151.55,55.4,62,90,16.11
346,Touros,BR,2020-06-17 03:26:14,-5.2,-35.46,73.4,94,40,4.7
347,Clyde River,CA,2020-06-17 03:26:15,70.47,-68.59,37.4,84,90,3.36
348,Belmonte,BR,2020-06-17 03:26:15,-15.86,-38.88,73.4,88,75,6.93
349,Elban,RU,2020-06-17 03:26:15,50.1,136.51,52.45,76,100,10.25
350,Linhares,BR,2020-06-17 03:26:15,-19.39,-40.07,67.78,84,44,5.7
351,Hurricane,US,2020-06-17 03:21:53,37.18,-113.29,89.6,11,1,26.4
352,Krasnoarmeysk,RU,2020-06-17 03:26:16,51.02,45.7,62.42,74,48,5.97
353,Payo,ID,2020-06-17 03:26:16,-3.75,103.64,87.21,57,32,3.53
354,Recke,DE,2020-06-17 03:26:16,52.38,7.72,62.6,93,40,5.82
355,Ilinge,ZA,2020-06-17 03:26:16,-31.98,27.04,36.5,92,51,2.35
356,Astana,KZ,2020-06-17 03:26:17,51.18,71.45,60.8,51,99,15.66
357,Sovetskiy,RU,2020-06-17 03:26:17,61.36,63.58,46.35,89,100,13.78
358,Sechura,PE,2020-06-17 03:26:17,-5.56,-80.82,66.67,78,0,13.8
359,Wajir,KE,2020-06-17 03:26:17,1.75,40.06,72.97,71,26,10.2
360,Harper,LR,2020-06-17 03:26:17,4.38,-7.72,77.32,90,100,11.81
361,Opelousas,US,2020-06-17 03:26:18,30.53,-92.08,79.0,65,1,5.82
362,Port Hardy,CA,2020-06-17 03:26:18,50.7,-127.42,57.2,71,20,17.22
363,Ca Mau,VN,2020-06-17 03:26:18,9.18,105.15,89.85,62,56,2.84
364,Benito Juarez,MX,2020-06-17 03:26:18,19.39,-99.17,68.0,49,5,11.41
365,Trincomalee,LK,2020-06-17 03:24:58,8.57,81.23,86.18,69,19,16.64
366,Geraldton,AU,2020-06-17 03:22:16,-28.77,114.6,77.0,31,75,20.8
367,Ust-Tsilma,RU,2020-06-17 03:26:19,65.44,52.15,43.66,62,100,11.18
368,Puerto El Triunfo,SV,2020-06-17 03:26:19,13.28,-88.55,78.8,94,20,2.24
369,Kamaishi,JP,2020-06-17 03:26:19,39.27,141.88,73.4,53,40,5.82
370,Ciudad Bolivar,VE,2020-06-17 03:24:28,8.12,-63.55,78.66,82,99,6.22
371,Tual,ID,2020-06-17 03:22:01,-5.67,132.75,80.62,81,80,25.39
372,Rincon,US,2020-06-17 03:26:20,32.3,-81.24,68.0,77,90,9.17
373,Stornoway,GB,2020-06-17 03:22:24,58.21,-6.39,53.6,93,100,6.93
374,Seoul,KR,2020-06-17 03:26:21,37.57,126.98,82.4,58,75,4.7
375,Rockport,US,2020-06-17 03:21:37,28.02,-97.05,81.0,69,1,12.75
376,Henties Bay,NA,2020-06-17 03:25:51,-22.12,14.28,73.69,28,0,22.77
377,Cacequi,BR,2020-06-17 03:26:21,-29.88,-54.83,65.66,90,71,10.42
378,Maebaru,JP,2020-06-17 03:26:21,33.55,130.2,82.99,58,75,6.93
379,Sabang,ID,2020-06-17 03:26:22,5.89,95.32,83.91,64,68,4.41
380,Salalah,OM,2020-06-17 03:26:22,17.02,54.09,84.2,89,20,3.36
381,Nizhniy Baskunchak,RU,2020-06-17 03:26:22,48.22,46.83,76.39,27,6,8.81
382,Wewak,PG,2020-06-17 03:26:22,-3.55,143.63,80.37,79,100,0.96
383,Ballina,AU,2020-06-17 03:26:23,-28.87,153.57,68.0,68,75,13.87
384,Padang,ID,2020-06-17 03:22:29,-0.95,100.35,84.88,66,14,2.48
385,Keffi,NG,2020-06-17 03:26:23,8.85,7.87,74.41,95,100,7.34
386,Kushmurun,KZ,2020-06-17 03:26:24,52.45,64.63,66.88,57,71,7.63
387,Sun Prairie,US,2020-06-17 03:26:24,43.18,-89.21,71.6,56,1,8.05
388,Caravelas,BR,2020-06-17 03:25:18,-17.71,-39.25,71.64,87,100,14.27
389,Esperance,AU,2020-06-17 03:26:24,-33.87,121.9,64.4,36,94,17.22
390,Lumphat,KH,2020-06-17 03:26:24,13.49,106.98,78.82,88,100,3.0
391,Gondanglegi,ID,2020-06-17 03:26:25,-7.75,112.01,84.79,70,56,13.15
392,Husavik,IS,2020-06-17 03:24:58,66.04,-17.34,41.0,80,10,19.46
393,Rio Gallegos,AR,2020-06-17 03:26:25,-51.62,-69.22,28.4,92,0,11.41
394,Cimarron Hills,US,2020-06-17 03:26:25,38.86,-104.7,75.2,27,20,14.99
395,Rexburg,US,2020-06-17 03:26:25,43.83,-111.79,51.8,76,1,5.82
396,Bagdarin,RU,2020-06-17 03:26:26,54.43,113.6,65.08,66,94,9.78
397,Hobyo,SO,2020-06-17 03:26:26,5.35,48.53,79.61,70,100,21.23
398,Hamilton,US,2020-06-17 03:22:30,39.18,-84.53,71.01,77,1,4.56
399,Koslan,RU,2020-06-17 03:26:26,63.46,48.9,44.17,60,55,7.02
400,Luanda,AO,2020-06-17 03:24:00,-8.84,13.23,73.4,83,75,1.12
401,Sao Luis,BR,2020-06-17 03:26:27,-2.53,-44.3,77.0,94,75,5.82
402,San Carlos De Bariloche,AR,2020-06-17 03:26:27,-41.15,-71.31,37.4,90,75,8.05
403,Chandbali,IN,2020-06-17 03:26:27,20.78,86.77,82.22,82,100,14.94
404,Dubbo,AU,2020-06-17 03:26:28,-32.25,148.62,62.6,55,1,11.41
405,Gdynia,PL,2020-06-17 03:26:28,54.52,18.53,57.99,100,4,1.12
406,Beringovskiy,RU,2020-06-17 03:26:28,63.05,179.32,46.58,70,44,2.13
407,Eyl,SO,2020-06-17 03:26:28,7.98,49.82,83.1,55,100,29.68
408,Staryy Saltiv,UA,2020-06-17 03:26:28,50.08,36.79,68.0,42,43,8.95
409,Dibrugarh,IN,2020-06-17 03:26:28,27.48,94.9,78.8,100,90,3.36
410,Nichinan,JP,2020-06-17 03:26:29,31.6,131.37,77.0,78,75,4.7
411,Amos,CA,2020-06-17 03:26:29,48.57,-78.12,69.8,43,75,5.82
412,Longforgan,GB,2020-06-17 03:26:29,56.46,-3.12,55.0,100,75,3.36
413,Ostrovnoy,RU,2020-06-17 03:26:29,68.05,39.51,45.16,66,75,15.08
414,Klyuchi,RU,2020-06-17 03:26:30,52.27,79.17,64.74,49,12,17.22
415,Itoman,JP,2020-06-17 03:22:05,26.12,127.67,87.8,84,40,11.41
416,Santa Marta,CO,2020-06-17 03:26:30,11.24,-74.2,78.01,87,96,12.33
417,Rosario,AR,2020-06-17 03:25:46,-32.95,-60.64,70.0,83,100,12.75
418,Falmouth,GB,2020-06-17 03:26:31,50.15,-5.07,57.0,93,79,4.7
419,Ust-Omchug,RU,2020-06-17 03:26:31,61.15,149.63,72.79,32,98,4.65
420,Lasem,ID,2020-06-17 03:26:31,-6.69,111.45,85.41,65,83,6.53
421,Neyshabur,IR,2020-06-17 03:26:31,36.21,58.8,79.9,17,0,1.36
422,Arkhangelsk,RU,2020-06-17 03:26:32,64.54,40.54,48.2,76,20,4.47
423,Port Victoria,KE,2020-06-17 03:26:32,0.09,33.98,66.81,80,58,7.34
424,San Andres,CO,2020-06-17 03:25:12,12.58,-81.7,80.6,88,90,4.7
425,Toora-Khem,RU,2020-06-17 03:26:32,52.47,96.11,67.24,36,14,2.68
426,Praia Da Vitoria,PT,2020-06-17 03:26:32,38.73,-27.07,64.4,88,75,13.38
427,Uden,NL,2020-06-17 03:26:33,51.66,5.61,60.01,100,75,2.24
428,Solvychegodsk,RU,2020-06-17 03:26:33,61.33,46.92,50.13,59,81,4.97
429,Kousseri,CM,2020-06-17 03:26:33,12.08,15.03,84.2,62,94,6.93
430,Catamarca,AR,2020-06-17 03:26:33,-28.47,-65.79,55.0,64,77,1.01
431,Coihaique,CL,2020-06-17 03:24:47,-45.58,-72.07,35.6,100,20,3.36
432,Zhigansk,RU,2020-06-17 03:26:34,66.77,123.37,67.33,55,55,15.97
433,Aklavik,CA,2020-06-17 03:26:34,68.22,-135.01,69.8,46,75,4.7
434,Maragogi,BR,2020-06-17 03:26:34,-9.01,-35.22,75.67,86,23,11.54
435,Broome,US,2020-06-17 03:26:34,42.25,-75.83,64.4,55,1,4.7
436,Siocon,PH,2020-06-17 03:26:35,7.71,122.14,87.21,64,82,3.49
437,Stepnyak,KZ,2020-06-17 03:26:35,52.83,70.78,61.39,53,0,7.87
438,Bathsheba,BB,2020-06-17 03:26:35,13.22,-59.52,80.6,78,40,20.8
439,Kapuskasing,CA,2020-06-17 03:26:35,49.42,-82.43,66.2,59,20,6.93
440,Port Lincoln,AU,2020-06-17 03:26:36,-34.73,135.87,60.04,65,6,10.22
441,San Policarpo,PH,2020-06-17 03:26:36,12.18,125.51,85.78,67,100,6.06
442,Ouadda,CF,2020-06-17 03:26:36,8.08,22.4,67.28,95,81,2.37
443,Mount Gambier,AU,2020-06-17 03:26:36,-37.83,140.77,57.2,62,90,8.05
444,Cockburn Town,TC,2020-06-17 03:26:36,21.46,-71.14,82.4,81,100,22.41
445,Kaohsiung,TW,2020-06-17 03:26:05,22.62,120.31,89.6,59,40,9.17
446,Meridian,US,2020-06-17 03:26:37,43.61,-116.39,57.2,62,40,18.34
447,Krasnoselkup,RU,2020-06-17 03:26:37,65.7,82.47,39.94,92,100,9.46
448,Manokwari,ID,2020-06-17 03:26:37,-0.87,134.08,84.99,65,4,5.59
449,Cayenne,GF,2020-06-17 03:26:38,4.93,-52.33,77.0,100,95,4.65
450,Pitimbu,BR,2020-06-17 03:26:38,-7.47,-34.81,76.69,84,42,9.28
451,Tiarei,PF,2020-06-17 03:23:03,-17.53,-149.33,82.4,74,75,10.29
452,Ploemeur,FR,2020-06-17 03:26:38,47.73,-3.43,57.99,100,75,4.7
453,Hitachi,JP,2020-06-17 03:26:38,36.6,140.65,84.99,72,7,9.28
454,Bardiyah,LY,2020-06-17 03:26:38,31.76,25.09,68.56,85,0,17.78
455,Berlevag,NO,2020-06-17 03:25:21,70.86,29.09,42.8,75,75,9.17
456,Vaitape,PF,2020-06-17 03:26:39,-16.52,-151.75,79.79,80,96,4.88
457,Mackay,AU,2020-06-17 03:24:02,-21.15,149.2,73.4,73,90,14.99
458,Tommot,RU,2020-06-17 03:26:39,58.96,126.29,77.61,33,0,5.3
459,Ryotsu,JP,2020-06-17 03:26:39,38.08,138.43,69.8,68,65,10.29
460,Hvolsvollur,IS,2020-06-17 03:26:40,63.75,-20.22,34.0,96,23,2.57
461,Sao Joao Da Barra,BR,2020-06-17 03:22:22,-21.64,-41.05,70.03,75,100,11.36
462,Saint-Pierre,RE,2020-06-17 03:26:40,-21.34,55.48,64.4,82,90,8.05
463,San Luis,AR,2020-06-17 03:26:40,-33.3,-66.34,54.23,55,75,9.62
464,Canaries,ES,2020-06-17 03:26:41,28.0,-15.5,73.99,94,20,21.92
465,La Cruz,MX,2020-06-17 03:26:41,23.92,-106.9,77.0,81,5,4.03
466,Millet,CA,2020-06-17 03:26:41,53.1,-113.47,62.6,51,40,13.87
467,Synya,RU,2020-06-17 03:26:41,65.37,58.04,41.86,65,88,9.48
468,San Juan,AR,2020-06-17 03:26:41,-31.54,-68.54,51.6,46,0,7.2
469,Nuuk,GL,2020-06-17 03:26:42,64.18,-51.72,35.6,88,97,8.05
470,Sai Buri,TH,2020-06-17 03:26:42,6.7,101.62,89.6,55,20,8.05
471,Ko Samui,TH,2020-06-17 03:21:57,9.54,99.94,86.0,79,20,2.24
472,Leshukonskoye,RU,2020-06-17 03:26:42,64.9,45.76,45.23,58,42,6.89
473,Fershampenuaz,RU,2020-06-17 03:26:42,53.52,59.81,65.01,66,28,7.23
474,Trairi,BR,2020-06-17 03:25:30,-3.28,-39.27,75.6,89,0,9.33
475,Kloulklubed,PW,2020-06-17 03:22:35,7.04,134.26,87.8,66,75,6.93
476,Wagar,SD,2020-06-17 03:26:43,16.15,36.2,82.9,48,86,10.94
477,Pemangkat,ID,2020-06-17 03:26:43,1.17,108.97,83.88,67,26,2.21
478,Santa Catarina De Tepehuanes,MX,2020-06-17 03:26:44,25.35,-105.73,68.59,47,95,4.5
479,Marolambo,MG,2020-06-17 03:26:44,-20.05,48.12,60.69,94,100,2.84
480,Riyadh,SA,2020-06-17 03:26:44,24.69,46.72,86.0,15,0,8.05
481,Frontera,MX,2020-06-17 03:26:44,26.93,-101.45,87.01,43,52,3.0
482,Cururupu,BR,2020-06-17 03:26:44,-1.83,-44.87,75.2,93,0,3.24
483,Dandong,CN,2020-06-17 03:26:45,40.13,124.39,78.19,46,90,13.87
484,Kijabe,KE,2020-06-17 03:26:45,-0.93,36.58,53.01,95,41,1.39
485,Ambunti,PG,2020-06-17 03:26:45,-4.24,142.84,79.88,94,86,0.85
486,The Pas,CA,2020-06-17 03:26:45,53.83,-101.25,69.8,60,90,6.93
487,Steamboat Springs,US,2020-06-17 03:26:45,40.48,-106.83,69.8,19,1,3.36
488,Chapais,CA,2020-06-17 03:26:46,49.78,-74.85,68.0,34,75,5.82
489,Eureka,US,2020-06-17 03:22:07,40.8,-124.16,60.01,100,0,5.99
490,Onguday,RU,2020-06-17 03:26:46,50.75,86.15,68.9,56,96,2.57
491,Bilma,NE,2020-06-17 03:25:30,18.69,12.92,82.65,15,0,13.56
492,Winburg,ZA,2020-06-17 03:26:47,-28.52,27.01,38.28,70,82,8.19
493,Sorland,NO,2020-06-17 03:26:47,67.67,12.69,51.39,77,0,10.38
494,Fulton,US,2020-06-17 03:26:47,33.77,-84.45,66.2,68,75,11.41
495,Ambovombe,MG,2020-06-17 03:26:48,-25.17,46.08,65.03,71,37,16.11
496,Cefalu,IT,2020-06-17 03:26:48,38.04,14.02,63.0,55,0,4.97
497,Chokwe,MZ,2020-06-17 03:26:48,-24.53,32.98,59.04,95,71,10.02
498,Surovatikha,RU,2020-06-17 03:26:48,55.77,43.9,68.0,77,100,2.24
499,Chaoyang,CN,2020-06-17 03:26:49,41.57,120.46,97.83,15,79,6.87
500,Richards Bay,ZA,2020-06-17 03:26:49,-28.78,32.04,60.91,79,99,5.23
501,Mangrol,IN,2020-06-17 03:25:28,21.12,70.12,85.23,77,67,7.99
502,Nouadhibou,MR,2020-06-17 03:26:49,20.93,-17.03,87.8,38,0,21.92
503,Meulaboh,ID,2020-06-17 03:26:49,4.14,96.13,83.68,63,84,2.46
504,Kayanga,TZ,2020-06-17 03:26:50,-1.53,31.15,56.44,80,0,2.82
505,Tucuma,BR,2020-06-17 03:26:50,-0.18,-50.05,76.12,92,59,4.72
506,Beatrice,US,2020-06-17 03:26:50,40.27,-96.75,82.99,48,1,10.29
507,Cocorit,MX,2020-06-17 03:23:24,27.58,-109.97,86.43,36,0,8.9
508,Comodoro Rivadavia,AR,2020-06-17 03:26:50,-45.87,-67.5,48.2,66,0,8.05
509,Boca Do Acre,BR,2020-06-17 03:24:30,-8.75,-67.4,72.25,80,7,1.32
510,Puerto Del Rosario,ES,2020-06-17 03:26:51,28.5,-13.86,71.6,88,83,6.58
511,Monrovia,LR,2020-06-17 03:24:53,6.3,-10.8,78.8,94,75,8.41
512,Tocopilla,CL,2020-06-17 03:26:51,-22.09,-70.2,60.01,64,26,1.66
513,Kiunga,PG,2020-06-17 03:26:51,-6.12,141.29,74.17,98,100,0.58
514,Naryan-Mar,RU,2020-06-17 03:26:52,67.67,53.09,42.24,65,100,19.86
515,Kapit,MY,2020-06-17 03:26:52,2.02,112.93,85.78,69,98,0.65
516,Camacupa,AO,2020-06-17 03:26:52,-12.02,17.48,46.94,76,0,3.98
517,Fukue,JP,2020-06-17 03:26:52,32.69,128.84,75.2,83,75,4.7
518,Nevsehir,TR,2020-06-17 03:26:52,38.92,34.67,57.2,76,0,6.93
519,Mbalmayo,CM,2020-06-17 03:26:52,3.52,11.5,68.38,99,100,2.13
520,Changli,CN,2020-06-17 03:26:53,39.7,119.15,89.35,30,100,15.28
521,Corrientes,AR,2020-06-17 03:23:15,-27.48,-58.83,73.0,72,30,7.0
522,Hami,CN,2020-06-17 03:26:53,42.8,93.45,91.45,11,0,10.54
523,Zhuzhou,CN,2020-06-17 03:26:54,27.83,113.15,93.2,56,20,15.66
524,Namibe,AO,2020-06-17 03:26:54,-15.2,12.15,70.59,56,0,2.59
525,Cabinda,AO,2020-06-17 03:26:54,-5.55,12.2,72.18,92,39,2.59
526,Sulangan,PH,2020-06-17 03:26:54,11.14,123.72,83.82,69,100,2.64
527,Karratha,AU,2020-06-17 03:26:54,-20.74,116.85,81.27,31,0,7.16
528,Rozhyshche,UA,2020-06-17 03:26:55,50.92,25.27,60.01,98,0,5.79
529,Turayf,SA,2020-06-17 03:26:55,31.67,38.66,68.0,49,0,4.7
530,Ust-Uda,RU,2020-06-17 03:26:55,54.17,103.03,64.18,50,37,3.44
531,Villazon,BO,2020-06-17 03:26:12,-22.09,-65.59,44.55,49,0,7.83
532,Sativasur,CO,2020-06-17 03:26:55,6.09,-72.71,53.4,88,100,4.0
533,Guarapari,BR,2020-06-17 03:26:56,-20.67,-40.5,68.0,94,75,3.36
534,Buritis,BR,2020-06-17 03:26:56,-15.62,-46.42,63.93,83,0,3.69
535,Porto Walter,BR,2020-06-17 03:26:56,-8.27,-72.74,73.38,82,2,1.05
536,Latung,PH,2020-06-17 03:26:56,5.5,120.88,84.69,67,65,5.37
537,Ngunguru,NZ,2020-06-17 03:26:56,-35.62,174.5,63.0,79,99,5.01
538,Leamington,CA,2020-06-17 03:26:57,42.05,-82.61,64.99,100,1,7.23
539,Dakar,SN,2020-06-17 03:26:57,14.69,-17.44,78.8,94,75,8.05
540,Havoysund,NO,2020-06-17 03:22:04,71.0,24.66,42.8,70,75,14.99
541,Nelson Bay,AU,2020-06-17 03:26:57,-32.72,152.15,66.99,77,75,12.75
542,Port Barton,PH,2020-06-17 03:26:57,10.48,119.25,89.28,54,100,2.75
543,Maiduguri,NG,2020-06-17 03:26:58,11.85,13.16,82.92,57,70,9.78
544,Thompson,CA,2020-06-17 03:26:58,55.74,-97.86,71.6,40,75,8.05
545,Isiro,CD,2020-06-17 03:26:58,2.77,27.62,67.08,99,100,2.48
546,Buchanan,LR,2020-06-17 03:26:58,5.88,-10.05,78.8,94,75,7.11
547,Miles City,US,2020-06-17 03:26:58,46.41,-105.84,62.6,59,20,11.41
548,Vila,PT,2020-06-17 03:26:59,42.03,-8.16,51.01,92,46,0.56
549,Jining,CN,2020-06-17 03:26:59,35.41,116.58,66.24,85,100,13.98
550,Floresti,MD,2020-06-17 03:26:59,47.89,28.3,62.11,88,5,0.34
551,Batouri,CM,2020-06-17 03:26:59,4.43,14.37,68.14,97,95,1.66
552,Iqaluit,CA,2020-06-17 03:26:59,63.75,-68.51,35.6,96,75,4.52
553,Ouallam,NE,2020-06-17 03:27:00,14.32,2.09,94.93,24,73,12.06
554,Mountain Home,US,2020-06-17 03:23:56,43.13,-115.69,51.8,87,1,9.17
555,Fonte Boa,BR,2020-06-17 03:27:00,-2.5,-66.27,73.56,95,100,1.21
556,Beipiao,CN,2020-06-17 03:27:00,41.79,120.78,96.96,16,57,4.12
557,Great Yarmouth,GB,2020-06-17 03:27:00,52.61,1.73,57.99,99,32,1.01
558,Asfi,MA,2020-06-17 03:27:01,32.3,-9.24,67.17,77,97,14.63
559,Brae,GB,2020-06-17 03:27:01,60.4,-1.35,48.2,100,93,1.74
560,Cloquet,US,2020-06-17 03:27:01,46.72,-92.46,75.2,53,0,9.17
561,Nacala,MZ,2020-06-17 03:27:01,-14.54,40.67,67.3,82,27,12.77
562,Metu,ET,2020-06-17 03:27:01,8.3,35.58,55.08,97,50,2.08
563,Longyearbyen,SJ,2020-06-17 03:27:02,78.22,15.64,37.4,69,75,9.17
564,Salaga,GH,2020-06-17 03:27:02,8.55,-0.52,76.51,92,91,8.43
565,Durazno,UY,2020-06-17 03:27:02,-33.41,-56.5,64.83,96,100,12.5
566,Shingu,JP,2020-06-17 03:27:02,33.73,135.98,78.8,65,75,6.93
567,Quatre Cocos,MU,2020-06-17 03:27:03,-20.21,57.76,71.6,78,75,16.11
568,Oranjestad,AW,2020-06-17 03:27:03,12.52,-70.03,80.6,78,20,19.46
569,Pingliang,CN,2020-06-17 03:27:03,35.54,106.69,64.83,66,99,12.75
570,Noumea,NC,2020-06-17 03:27:03,-22.28,166.46,80.6,51,20,9.17
571,Jalu,LY,2020-06-17 03:25:59,29.03,21.55,65.39,84,0,9.78
572,General Roca,AR,2020-06-17 03:24:27,-39.03,-67.58,39.2,86,21,0.43
573,Sao Miguel Do Araguaia,BR,2020-06-17 03:27:04,-13.28,-50.16,70.68,68,6,7.23
574,Axim,GH,2020-06-17 03:27:04,4.87,-2.24,77.36,90,97,9.93
575,Laranja Da Terra,BR,2020-06-17 03:27:04,-19.9,-41.06,66.33,79,79,3.2
576,Wanaka,NZ,2020-06-17 03:26:35,-44.7,169.15,49.93,76,88,3.2
577,Natal,BR,2020-06-17 03:26:00,-5.79,-35.21,75.2,88,40,5.82
578,Maryville,US,2020-06-17 03:27:05,35.76,-83.97,64.0,77,75,8.05
579,Port Hedland,AU,2020-06-17 03:27:05,-20.32,118.57,82.4,39,0,9.17
580,San Patricio,MX,2020-06-17 03:27:05,19.22,-104.7,79.2,70,44,6.91
581,Khani,GE,2020-06-17 03:27:05,41.96,42.96,71.6,83,40,11.41
582,Jacksonville,US,2020-06-17 03:23:46,30.33,-81.66,73.4,64,20,12.75
583,Vila Velha,BR,2020-06-17 03:27:06,-20.33,-40.29,68.0,94,75,3.36
584,Cabra,ES,2020-06-17 03:27:06,37.47,-4.44,63.0,77,3,2.13
585,Langxiang,CN,2020-06-17 03:27:06,46.95,128.88,59.77,66,86,7.99
586,Raudeberg,NO,2020-06-17 03:27:06,61.99,5.14,63.0,82,49,1.5
587,Oistins,BB,2020-06-17 03:23:04,13.07,-59.53,80.6,78,40,20.8
588,Pisco,PE,2020-06-17 03:25:15,-13.7,-76.22,63.0,82,2,3.36
589,Carutapera,BR,2020-06-17 03:27:07,-1.2,-46.02,74.93,93,11,5.91
590,Temir,KZ,2020-06-17 03:27:07,49.14,57.13,71.04,42,0,2.42
591,Lipin Bor,RU,2020-06-17 03:27:07,60.26,37.98,54.05,89,56,10.49
592,Pedasi,PA,2020-06-17 03:23:03,7.53,-80.03,80.49,83,100,5.48
593,Sligo,IE,2020-06-17 03:27:08,54.27,-8.47,53.01,95,100,5.99
594,Tura,IN,2020-06-17 03:27:08,25.52,90.22,77.45,96,100,3.65
595,Seydi,TM,2020-06-17 03:27:08,39.48,62.91,78.49,19,2,19.37
596,Mundo Novo,BR,2020-06-17 03:27:08,-11.86,-40.47,64.63,97,61,5.21
597,Narang,PK,2020-06-17 03:27:08,31.91,74.52,91.4,55,0,10.29
